<?xml version="1.0" encoding="UTF-8"?>
<plik>
<header>
<informacje>Eksport automatyczny z serwera Agencja 3000</informacje>
<agencja>Polska Giełda Nieruchomości</agencja>
<data>2017-04-07 11:07:50</data>
<wersja>0.4</wersja>
<cel>oferty.net</cel>
<zawartosc_pliku>roznica</zawartosc_pliku>
</header>
<lista_ofert>
<dzial typ="sprzedaz" tab="mieszkania"/>
<dzial typ="wynajem" tab="mieszkania"/>
<dzial typ="sprzedaz" tab="domy">
<oferta_usun>
<id>74</id>
</oferta_usun>
<oferta_usun>
<id>445</id>
</oferta_usun>
</dzial>
<dzial typ="wynajem" tab="domy"/>
<dzial typ="sprzedaz" tab="dzialki"/>
<dzial typ="wynajem" tab="dzialki"/>
<dzial typ="sprzedaz" tab="lokale"/>
<dzial typ="wynajem" tab="lokale"/>
<dzial typ="wynajem" tab="pokoje"/>
</lista_ofert>
<zdjecia/>
</plik>
